<img src='Anatomic Sciences -0.jpg'>,<img src='Anatomic Sciences -1.jpg'><img src='Anatomic Sciences -2.jpg'><img src='Anatomic Sciences -3.jpg'>
<img src='Anatomic Sciences -4.jpg'>,<img src='Anatomic Sciences -5.jpg'><img src='Anatomic Sciences -6.jpg'>
<img src='Anatomic Sciences -7.jpg'>,<img src='Anatomic Sciences -8.jpg'><img src='Anatomic Sciences -9.jpg'><img src='Anatomic Sciences -10.jpg'>
<img src='Anatomic Sciences -11.jpg'>,<img src='Anatomic Sciences -12.jpg'><img src='Anatomic Sciences -13.jpg'><img src='Anatomic Sciences -14.jpg'>
<img src='Anatomic Sciences -15.jpg'>,<img src='Anatomic Sciences -16.jpg'>
<img src='Anatomic Sciences -17.jpg'>,<img src='Anatomic Sciences -18.jpg'>
<img src='Anatomic Sciences -19.jpg'>,<img src='Anatomic Sciences -20.jpg'><img src='Anatomic Sciences -21.jpg'>
<img src='Anatomic Sciences -22.jpg'>,<img src='Anatomic Sciences -23.jpg'><img src='Anatomic Sciences -24.jpg'>
<img src='Anatomic Sciences -25.jpg'>,<img src='Anatomic Sciences -26.jpg'>
<img src='Anatomic Sciences -27.jpg'>,<img src='Anatomic Sciences -28.jpg'>
<img src='Anatomic Sciences -29.jpg'>,<img src='Anatomic Sciences -30.jpg'>
<img src='Anatomic Sciences -31.jpg'>,<img src='Anatomic Sciences -32.jpg'>
<img src='Anatomic Sciences -33.jpg'>,<img src='Anatomic Sciences -34.jpg'>
<img src='Anatomic Sciences -35.jpg'>,<img src='Anatomic Sciences -36.jpg'>
<img src='Anatomic Sciences -37.jpg'>,<img src='Anatomic Sciences -38.jpg'><img src='Anatomic Sciences -39.jpg'>
<img src='Anatomic Sciences -40.jpg'>,<img src='Anatomic Sciences -41.jpg'>
<img src='Anatomic Sciences -42.jpg'>,<img src='Anatomic Sciences -43.jpg'><img src='Anatomic Sciences -44.jpg'><img src='Anatomic Sciences -45.jpg'>
<img src='Anatomic Sciences -46.jpg'>,<img src='Anatomic Sciences -47.jpg'>
<img src='Anatomic Sciences -48.jpg'>,<img src='Anatomic Sciences -49.jpg'>
<img src='Anatomic Sciences -50.jpg'>,<img src='Anatomic Sciences -51.jpg'><img src='Anatomic Sciences -52.jpg'>
<img src='Anatomic Sciences -53.jpg'>,<img src='Anatomic Sciences -54.jpg'><img src='Anatomic Sciences -55.jpg'>
<img src='Anatomic Sciences -56.jpg'>,<img src='Anatomic Sciences -57.jpg'><img src='Anatomic Sciences -58.jpg'>
<img src='Anatomic Sciences -59.jpg'>,<img src='Anatomic Sciences -60.jpg'><img src='Anatomic Sciences -61.jpg'>
<img src='Anatomic Sciences -62.jpg'>,<img src='Anatomic Sciences -63.jpg'>
<img src='Anatomic Sciences -64.jpg'>,<img src='Anatomic Sciences -65.jpg'><img src='Anatomic Sciences -66.jpg'>
<img src='Anatomic Sciences -67.jpg'>,<img src='Anatomic Sciences -68.jpg'><img src='Anatomic Sciences -69.jpg'><img src='Anatomic Sciences -70.jpg'>
<img src='Anatomic Sciences -71.jpg'>,<img src='Anatomic Sciences -72.jpg'><img src='Anatomic Sciences -73.jpg'>
<img src='Anatomic Sciences -74.jpg'>,<img src='Anatomic Sciences -75.jpg'><img src='Anatomic Sciences -76.jpg'>
<img src='Anatomic Sciences -77.jpg'>,<img src='Anatomic Sciences -78.jpg'><img src='Anatomic Sciences -79.jpg'>
<img src='Anatomic Sciences -80.jpg'>,<img src='Anatomic Sciences -81.jpg'><img src='Anatomic Sciences -82.jpg'>
<img src='Anatomic Sciences -83.jpg'>,<img src='Anatomic Sciences -84.jpg'>
<img src='Anatomic Sciences -85.jpg'>,<img src='Anatomic Sciences -86.jpg'><img src='Anatomic Sciences -87.jpg'>
<img src='Anatomic Sciences -88.jpg'>,<img src='Anatomic Sciences -89.jpg'><img src='Anatomic Sciences -90.jpg'>
<img src='Anatomic Sciences -91.jpg'>,<img src='Anatomic Sciences -92.jpg'><img src='Anatomic Sciences -93.jpg'>
<img src='Anatomic Sciences -94.jpg'>,<img src='Anatomic Sciences -95.jpg'>
<img src='Anatomic Sciences -96.jpg'>,<img src='Anatomic Sciences -97.jpg'>
<img src='Anatomic Sciences -98.jpg'>,<img src='Anatomic Sciences -99.jpg'><img src='Anatomic Sciences -100.jpg'><img src='Anatomic Sciences -101.jpg'>
<img src='Anatomic Sciences -102.jpg'>,<img src='Anatomic Sciences -103.jpg'><img src='Anatomic Sciences -104.jpg'><img src='Anatomic Sciences -105.jpg'>
<img src='Anatomic Sciences -106.jpg'>,<img src='Anatomic Sciences -107.jpg'><img src='Anatomic Sciences -108.jpg'>
<img src='Anatomic Sciences -109.jpg'>,<img src='Anatomic Sciences -110.jpg'>
<img src='Anatomic Sciences -111.jpg'>,<img src='Anatomic Sciences -112.jpg'>
<img src='Anatomic Sciences -113.jpg'>,<img src='Anatomic Sciences -114.jpg'><img src='Anatomic Sciences -115.jpg'>
<img src='Anatomic Sciences -116.jpg'>,<img src='Anatomic Sciences -117.jpg'><img src='Anatomic Sciences -118.jpg'>
<img src='Anatomic Sciences -119.jpg'>,<img src='Anatomic Sciences -120.jpg'><img src='Anatomic Sciences -121.jpg'><img src='Anatomic Sciences -122.jpg'>
<img src='Anatomic Sciences -123.jpg'>,<img src='Anatomic Sciences -124.jpg'>
<img src='Anatomic Sciences -125.jpg'>,<img src='Anatomic Sciences -126.jpg'><img src='Anatomic Sciences -127.jpg'>
<img src='Anatomic Sciences -128.jpg'>,<img src='Anatomic Sciences -129.jpg'>
<img src='Anatomic Sciences -130.jpg'>,<img src='Anatomic Sciences -131.jpg'><img src='Anatomic Sciences -132.jpg'><img src='Anatomic Sciences -133.jpg'>
<img src='Anatomic Sciences -134.jpg'>,<img src='Anatomic Sciences -135.jpg'><img src='Anatomic Sciences -136.jpg'><img src='Anatomic Sciences -137.jpg'>
<img src='Anatomic Sciences -138.jpg'>,<img src='Anatomic Sciences -139.jpg'>
<img src='Anatomic Sciences -140.jpg'>,<img src='Anatomic Sciences -141.jpg'><img src='Anatomic Sciences -142.jpg'>
<img src='Anatomic Sciences -143.jpg'>,<img src='Anatomic Sciences -144.jpg'><img src='Anatomic Sciences -145.jpg'>
<img src='Anatomic Sciences -146.jpg'>,<img src='Anatomic Sciences -147.jpg'><img src='Anatomic Sciences -148.jpg'>
<img src='Anatomic Sciences -149.jpg'>,<img src='Anatomic Sciences -150.jpg'><img src='Anatomic Sciences -151.jpg'>
<img src='Anatomic Sciences -152.jpg'>,<img src='Anatomic Sciences -153.jpg'><img src='Anatomic Sciences -154.jpg'>
<img src='Anatomic Sciences -155.jpg'>,<img src='Anatomic Sciences -156.jpg'><img src='Anatomic Sciences -157.jpg'>
<img src='Anatomic Sciences -158.jpg'>,<img src='Anatomic Sciences -159.jpg'><img src='Anatomic Sciences -160.jpg'><img src='Anatomic Sciences -161.jpg'>
<img src='Anatomic Sciences -162.jpg'>,<img src='Anatomic Sciences -163.jpg'>
<img src='Anatomic Sciences -164.jpg'>,<img src='Anatomic Sciences -165.jpg'><img src='Anatomic Sciences -166.jpg'><img src='Anatomic Sciences -167.jpg'><img src='Anatomic Sciences -168.jpg'>
<img src='Anatomic Sciences -169.jpg'>,<img src='Anatomic Sciences -170.jpg'>
<img src='Anatomic Sciences -171.jpg'>,<img src='Anatomic Sciences -172.jpg'>
<img src='Anatomic Sciences -173.jpg'>,<img src='Anatomic Sciences -174.jpg'><img src='Anatomic Sciences -175.jpg'><img src='Anatomic Sciences -176.jpg'>
<img src='Anatomic Sciences -177.jpg'>,<img src='Anatomic Sciences -178.jpg'>
<img src='Anatomic Sciences -179.jpg'>,<img src='Anatomic Sciences -180.jpg'>
<img src='Anatomic Sciences -181.jpg'>,<img src='Anatomic Sciences -182.jpg'>
<img src='Anatomic Sciences -183.jpg'>,<img src='Anatomic Sciences -184.jpg'>
<img src='Anatomic Sciences -185.jpg'>,<img src='Anatomic Sciences -186.jpg'>
<img src='Anatomic Sciences -187.jpg'>,<img src='Anatomic Sciences -188.jpg'>
<img src='Anatomic Sciences -189.jpg'>,<img src='Anatomic Sciences -190.jpg'><img src='Anatomic Sciences -191.jpg'><img src='Anatomic Sciences -192.jpg'>
<img src='Anatomic Sciences -193.jpg'>,<img src='Anatomic Sciences -194.jpg'>
<img src='Anatomic Sciences -195.jpg'>,<img src='Anatomic Sciences -196.jpg'><img src='Anatomic Sciences -197.jpg'>
<img src='Anatomic Sciences -198.jpg'>,<img src='Anatomic Sciences -199.jpg'>
<img src='Anatomic Sciences -200.jpg'>,<img src='Anatomic Sciences -201.jpg'><img src='Anatomic Sciences -202.jpg'>
<img src='Anatomic Sciences -203.jpg'>,<img src='Anatomic Sciences -204.jpg'>
<img src='Anatomic Sciences -205.jpg'>,<img src='Anatomic Sciences -206.jpg'><img src='Anatomic Sciences -207.jpg'>
<img src='Anatomic Sciences -208.jpg'>,<img src='Anatomic Sciences -209.jpg'>
<img src='Anatomic Sciences -210.jpg'>,<img src='Anatomic Sciences -211.jpg'><img src='Anatomic Sciences -212.jpg'><img src='Anatomic Sciences -213.jpg'>
<img src='Anatomic Sciences -214.jpg'>,<img src='Anatomic Sciences -215.jpg'><img src='Anatomic Sciences -216.jpg'>
<img src='Anatomic Sciences -217.jpg'>,<img src='Anatomic Sciences -218.jpg'><img src='Anatomic Sciences -219.jpg'>
<img src='Anatomic Sciences -220.jpg'>,<img src='Anatomic Sciences -221.jpg'><img src='Anatomic Sciences -222.jpg'><img src='Anatomic Sciences -223.jpg'>
<img src='Anatomic Sciences -224.jpg'>,<img src='Anatomic Sciences -225.jpg'><img src='Anatomic Sciences -226.jpg'><img src='Anatomic Sciences -227.jpg'>
<img src='Anatomic Sciences -228.jpg'>,<img src='Anatomic Sciences -229.jpg'>
<img src='Anatomic Sciences -230.jpg'>,<img src='Anatomic Sciences -231.jpg'>
<img src='Anatomic Sciences -232.jpg'>,<img src='Anatomic Sciences -233.jpg'>
<img src='Anatomic Sciences -234.jpg'>,<img src='Anatomic Sciences -235.jpg'>
<img src='Anatomic Sciences -236.jpg'>,<img src='Anatomic Sciences -237.jpg'>
<img src='Anatomic Sciences -238.jpg'>,<img src='Anatomic Sciences -239.jpg'><img src='Anatomic Sciences -240.jpg'>
<img src='Anatomic Sciences -241.jpg'>,<img src='Anatomic Sciences -242.jpg'>
<img src='Anatomic Sciences -243.jpg'>,<img src='Anatomic Sciences -244.jpg'>
<img src='Anatomic Sciences -245.jpg'>,<img src='Anatomic Sciences -246.jpg'>
<img src='Anatomic Sciences -247.jpg'>,<img src='Anatomic Sciences -248.jpg'>
<img src='Anatomic Sciences -249.jpg'>,<img src='Anatomic Sciences -250.jpg'>
<img src='Anatomic Sciences -251.jpg'>,<img src='Anatomic Sciences -252.jpg'>
<img src='Anatomic Sciences -253.jpg'>,<img src='Anatomic Sciences -254.jpg'><img src='Anatomic Sciences -255.jpg'>
<img src='Anatomic Sciences -256.jpg'>,<img src='Anatomic Sciences -257.jpg'>
<img src='Anatomic Sciences -258.jpg'>,<img src='Anatomic Sciences -259.jpg'>
<img src='Anatomic Sciences -260.jpg'>,<img src='Anatomic Sciences -261.jpg'>
<img src='Anatomic Sciences -262.jpg'>,<img src='Anatomic Sciences -263.jpg'>
<img src='Anatomic Sciences -264.jpg'>,<img src='Anatomic Sciences -265.jpg'>
<img src='Anatomic Sciences -266.jpg'>,<img src='Anatomic Sciences -267.jpg'>
<img src='Anatomic Sciences -268.jpg'>,<img src='Anatomic Sciences -269.jpg'>
<img src='Anatomic Sciences -270.jpg'>,<img src='Anatomic Sciences -271.jpg'>
<img src='Anatomic Sciences -272.jpg'>,<img src='Anatomic Sciences -273.jpg'><img src='Anatomic Sciences -274.jpg'><img src='Anatomic Sciences -275.jpg'>
<img src='Anatomic Sciences -276.jpg'>,<img src='Anatomic Sciences -277.jpg'><img src='Anatomic Sciences -278.jpg'>
<img src='Anatomic Sciences -279.jpg'>,<img src='Anatomic Sciences -280.jpg'><img src='Anatomic Sciences -281.jpg'>
<img src='Anatomic Sciences -282.jpg'>,<img src='Anatomic Sciences -283.jpg'>
<img src='Anatomic Sciences -284.jpg'>,<img src='Anatomic Sciences -285.jpg'>
<img src='Anatomic Sciences -286.jpg'>,<img src='Anatomic Sciences -287.jpg'><img src='Anatomic Sciences -288.jpg'>
<img src='Anatomic Sciences -289.jpg'>,<img src='Anatomic Sciences -290.jpg'><img src='Anatomic Sciences -291.jpg'><img src='Anatomic Sciences -292.jpg'>
<img src='Anatomic Sciences -293.jpg'>,<img src='Anatomic Sciences -294.jpg'>
<img src='Anatomic Sciences -295.jpg'>,<img src='Anatomic Sciences -296.jpg'>
<img src='Anatomic Sciences -297.jpg'>,<img src='Anatomic Sciences -298.jpg'>
<img src='Anatomic Sciences -299.jpg'>,<img src='Anatomic Sciences -300.jpg'><img src='Anatomic Sciences -301.jpg'>
<img src='Anatomic Sciences -302.jpg'>,<img src='Anatomic Sciences -303.jpg'>
<img src='Anatomic Sciences -304.jpg'>,<img src='Anatomic Sciences -305.jpg'><img src='Anatomic Sciences -306.jpg'><img src='Anatomic Sciences -307.jpg'>
<img src='Anatomic Sciences -308.jpg'>,<img src='Anatomic Sciences -309.jpg'>
<img src='Anatomic Sciences -310.jpg'>,<img src='Anatomic Sciences -311.jpg'><img src='Anatomic Sciences -312.jpg'>
<img src='Anatomic Sciences -313.jpg'>,<img src='Anatomic Sciences -314.jpg'><img src='Anatomic Sciences -315.jpg'><img src='Anatomic Sciences -316.jpg'>
<img src='Anatomic Sciences -317.jpg'>,<img src='Anatomic Sciences -318.jpg'><img src='Anatomic Sciences -319.jpg'>
<img src='Anatomic Sciences -320.jpg'>,<img src='Anatomic Sciences -321.jpg'><img src='Anatomic Sciences -322.jpg'><img src='Anatomic Sciences -323.jpg'>
<img src='Anatomic Sciences -324.jpg'>,<img src='Anatomic Sciences -325.jpg'>
<img src='Anatomic Sciences -326.jpg'>,<img src='Anatomic Sciences -327.jpg'>
<img src='Anatomic Sciences -328.jpg'>,<img src='Anatomic Sciences -329.jpg'><img src='Anatomic Sciences -330.jpg'>
<img src='Anatomic Sciences -331.jpg'>,<img src='Anatomic Sciences -332.jpg'><img src='Anatomic Sciences -333.jpg'><img src='Anatomic Sciences -334.jpg'><img src='Anatomic Sciences -335.jpg'>
<img src='Anatomic Sciences -336.jpg'>,<img src='Anatomic Sciences -337.jpg'>
<img src='Anatomic Sciences -338.jpg'>,<img src='Anatomic Sciences -339.jpg'>
<img src='Anatomic Sciences -340.jpg'>,<img src='Anatomic Sciences -341.jpg'><img src='Anatomic Sciences -342.jpg'><img src='Anatomic Sciences -343.jpg'>
<img src='Anatomic Sciences -344.jpg'>,<img src='Anatomic Sciences -345.jpg'><img src='Anatomic Sciences -346.jpg'>
<img src='Anatomic Sciences -347.jpg'>,<img src='Anatomic Sciences -348.jpg'>
<img src='Anatomic Sciences -349.jpg'>,<img src='Anatomic Sciences -350.jpg'><img src='Anatomic Sciences -351.jpg'><img src='Anatomic Sciences -352.jpg'>
<img src='Anatomic Sciences -353.jpg'>,<img src='Anatomic Sciences -354.jpg'><img src='Anatomic Sciences -355.jpg'>
<img src='Anatomic Sciences -356.jpg'>,<img src='Anatomic Sciences -357.jpg'>
<img src='Anatomic Sciences -358.jpg'>,<img src='Anatomic Sciences -359.jpg'>
<img src='Anatomic Sciences -360.jpg'>,<img src='Anatomic Sciences -361.jpg'>
<img src='Anatomic Sciences -362.jpg'>,<img src='Anatomic Sciences -363.jpg'>
<img src='Anatomic Sciences -364.jpg'>,<img src='Anatomic Sciences -365.jpg'><img src='Anatomic Sciences -366.jpg'>
<img src='Anatomic Sciences -367.jpg'>,<img src='Anatomic Sciences -368.jpg'>
<img src='Anatomic Sciences -369.jpg'>,<img src='Anatomic Sciences -370.jpg'>
<img src='Anatomic Sciences -371.jpg'>,<img src='Anatomic Sciences -372.jpg'><img src='Anatomic Sciences -373.jpg'>
<img src='Anatomic Sciences -374.jpg'>,<img src='Anatomic Sciences -375.jpg'>
<img src='Anatomic Sciences -376.jpg'>,<img src='Anatomic Sciences -377.jpg'>
<img src='Anatomic Sciences -378.jpg'>,<img src='Anatomic Sciences -379.jpg'><img src='Anatomic Sciences -380.jpg'>
<img src='Anatomic Sciences -381.jpg'>,<img src='Anatomic Sciences -382.jpg'>
<img src='Anatomic Sciences -383.jpg'>,<img src='Anatomic Sciences -384.jpg'>
<img src='Anatomic Sciences -385.jpg'>,<img src='Anatomic Sciences -386.jpg'>
<img src='Anatomic Sciences -387.jpg'>,<img src='Anatomic Sciences -388.jpg'>
<img src='Anatomic Sciences -389.jpg'>,<img src='Anatomic Sciences -390.jpg'><img src='Anatomic Sciences -391.jpg'>
<img src='Anatomic Sciences -392.jpg'>,<img src='Anatomic Sciences -393.jpg'>
<img src='Anatomic Sciences -394.jpg'>,<img src='Anatomic Sciences -395.jpg'><img src='Anatomic Sciences -396.jpg'><img src='Anatomic Sciences -397.jpg'><img src='Anatomic Sciences -398.jpg'><img src='Anatomic Sciences -399.jpg'>
<img src='Anatomic Sciences -400.jpg'>,<img src='Anatomic Sciences -401.jpg'>
<img src='Anatomic Sciences -402.jpg'>,<img src='Anatomic Sciences -403.jpg'>
<img src='Anatomic Sciences -404.jpg'>,<img src='Anatomic Sciences -405.jpg'>
<img src='Anatomic Sciences -406.jpg'>,<img src='Anatomic Sciences -407.jpg'><img src='Anatomic Sciences -408.jpg'><img src='Anatomic Sciences -409.jpg'>
<img src='Anatomic Sciences -410.jpg'>,<img src='Anatomic Sciences -411.jpg'>
<img src='Anatomic Sciences -412.jpg'>,<img src='Anatomic Sciences -413.jpg'>
<img src='Anatomic Sciences -414.jpg'>,<img src='Anatomic Sciences -415.jpg'>
<img src='Anatomic Sciences -416.jpg'>,<img src='Anatomic Sciences -417.jpg'>
<img src='Anatomic Sciences -418.jpg'>,<img src='Anatomic Sciences -419.jpg'><img src='Anatomic Sciences -420.jpg'><img src='Anatomic Sciences -421.jpg'>
<img src='Anatomic Sciences -422.jpg'>,<img src='Anatomic Sciences -423.jpg'><img src='Anatomic Sciences -424.jpg'>
<img src='Anatomic Sciences -425.jpg'>,<img src='Anatomic Sciences -426.jpg'>
<img src='Anatomic Sciences -427.jpg'>,<img src='Anatomic Sciences -428.jpg'><img src='Anatomic Sciences -429.jpg'>
<img src='Anatomic Sciences -430.jpg'>,<img src='Anatomic Sciences -431.jpg'><img src='Anatomic Sciences -432.jpg'><img src='Anatomic Sciences -433.jpg'><img src='Anatomic Sciences -434.jpg'>
<img src='Anatomic Sciences -435.jpg'>,<img src='Anatomic Sciences -436.jpg'><img src='Anatomic Sciences -437.jpg'><img src='Anatomic Sciences -438.jpg'>
<img src='Anatomic Sciences -439.jpg'>,<img src='Anatomic Sciences -440.jpg'><img src='Anatomic Sciences -441.jpg'><img src='Anatomic Sciences -442.jpg'><img src='Anatomic Sciences -443.jpg'><img src='Anatomic Sciences -444.jpg'>
<img src='Anatomic Sciences -445.jpg'>,<img src='Anatomic Sciences -446.jpg'>
<img src='Anatomic Sciences -447.jpg'>,<img src='Anatomic Sciences -448.jpg'>
<img src='Anatomic Sciences -449.jpg'>,<img src='Anatomic Sciences -450.jpg'>
<img src='Anatomic Sciences -451.jpg'>,<img src='Anatomic Sciences -452.jpg'><img src='Anatomic Sciences -453.jpg'><img src='Anatomic Sciences -454.jpg'>
<img src='Anatomic Sciences -455.jpg'>,<img src='Anatomic Sciences -456.jpg'><img src='Anatomic Sciences -457.jpg'>
<img src='Anatomic Sciences -458.jpg'>,<img src='Anatomic Sciences -459.jpg'><img src='Anatomic Sciences -460.jpg'>
<img src='Anatomic Sciences -461.jpg'>,<img src='Anatomic Sciences -462.jpg'><img src='Anatomic Sciences -463.jpg'><img src='Anatomic Sciences -464.jpg'><img src='Anatomic Sciences -465.jpg'><img src='Anatomic Sciences -466.jpg'>
<img src='Anatomic Sciences -467.jpg'>,<img src='Anatomic Sciences -468.jpg'><img src='Anatomic Sciences -469.jpg'><img src='Anatomic Sciences -470.jpg'>
<img src='Anatomic Sciences -471.jpg'>,<img src='Anatomic Sciences -472.jpg'>
<img src='Anatomic Sciences -473.jpg'>,<img src='Anatomic Sciences -474.jpg'><img src='Anatomic Sciences -475.jpg'>
<img src='Anatomic Sciences -476.jpg'>,<img src='Anatomic Sciences -477.jpg'><img src='Anatomic Sciences -478.jpg'><img src='Anatomic Sciences -479.jpg'><img src='Anatomic Sciences -480.jpg'><img src='Anatomic Sciences -481.jpg'><img src='Anatomic Sciences -482.jpg'>
<img src='Anatomic Sciences -483.jpg'>,<img src='Anatomic Sciences -484.jpg'><img src='Anatomic Sciences -485.jpg'><img src='Anatomic Sciences -486.jpg'><img src='Anatomic Sciences -487.jpg'><img src='Anatomic Sciences -488.jpg'>
<img src='Anatomic Sciences -489.jpg'>,<img src='Anatomic Sciences -490.jpg'>
<img src='Anatomic Sciences -491.jpg'>,<img src='Anatomic Sciences -492.jpg'><img src='Anatomic Sciences -493.jpg'><img src='Anatomic Sciences -494.jpg'><img src='Anatomic Sciences -495.jpg'><img src='Anatomic Sciences -496.jpg'><img src='Anatomic Sciences -497.jpg'><img src='Anatomic Sciences -498.jpg'><img src='Anatomic Sciences -499.jpg'><img src='Anatomic Sciences -500.jpg'><img src='Anatomic Sciences -501.jpg'><img src='Anatomic Sciences -502.jpg'><img src='Anatomic Sciences -503.jpg'><img src='Anatomic Sciences -504.jpg'><img src='Anatomic Sciences -505.jpg'>
<img src='Anatomic Sciences -506.jpg'>,<img src='Anatomic Sciences -507.jpg'><img src='Anatomic Sciences -508.jpg'><img src='Anatomic Sciences -509.jpg'>
<img src='Anatomic Sciences -510.jpg'>,<img src='Anatomic Sciences -511.jpg'>
<img src='Anatomic Sciences -512.jpg'>,<img src='Anatomic Sciences -513.jpg'><img src='Anatomic Sciences -514.jpg'>
<img src='Anatomic Sciences -515.jpg'>,<img src='Anatomic Sciences -516.jpg'><img src='Anatomic Sciences -517.jpg'>
<img src='Anatomic Sciences -518.jpg'>,<img src='Anatomic Sciences -519.jpg'><img src='Anatomic Sciences -520.jpg'><img src='Anatomic Sciences -521.jpg'><img src='Anatomic Sciences -522.jpg'><img src='Anatomic Sciences -523.jpg'>
<img src='Anatomic Sciences -524.jpg'>,<img src='Anatomic Sciences -525.jpg'><img src='Anatomic Sciences -526.jpg'><img src='Anatomic Sciences -527.jpg'>
<img src='Anatomic Sciences -528.jpg'>,<img src='Anatomic Sciences -529.jpg'>
<img src='Anatomic Sciences -530.jpg'>,<img src='Anatomic Sciences -531.jpg'><img src='Anatomic Sciences -532.jpg'>
<img src='Anatomic Sciences -533.jpg'>,<img src='Anatomic Sciences -534.jpg'><img src='Anatomic Sciences -535.jpg'><img src='Anatomic Sciences -536.jpg'>
<img src='Anatomic Sciences -537.jpg'>,<img src='Anatomic Sciences -538.jpg'><img src='Anatomic Sciences -539.jpg'>
<img src='Anatomic Sciences -540.jpg'>,<img src='Anatomic Sciences -541.jpg'><img src='Anatomic Sciences -542.jpg'><img src='Anatomic Sciences -543.jpg'>
<img src='Anatomic Sciences -544.jpg'>,<img src='Anatomic Sciences -545.jpg'><img src='Anatomic Sciences -546.jpg'>
<img src='Anatomic Sciences -547.jpg'>,<img src='Anatomic Sciences -548.jpg'><img src='Anatomic Sciences -549.jpg'>
<img src='Anatomic Sciences -550.jpg'>,<img src='Anatomic Sciences -551.jpg'><img src='Anatomic Sciences -552.jpg'>
<img src='Anatomic Sciences -553.jpg'>,<img src='Anatomic Sciences -554.jpg'>
<img src='Anatomic Sciences -555.jpg'>,<img src='Anatomic Sciences -556.jpg'>
<img src='Anatomic Sciences -557.jpg'>,<img src='Anatomic Sciences -558.jpg'><img src='Anatomic Sciences -559.jpg'>
<img src='Anatomic Sciences -560.jpg'>,<img src='Anatomic Sciences -561.jpg'><img src='Anatomic Sciences -562.jpg'>
<img src='Anatomic Sciences -563.jpg'>,<img src='Anatomic Sciences -564.jpg'><img src='Anatomic Sciences -565.jpg'>
<img src='Anatomic Sciences -566.jpg'>,<img src='Anatomic Sciences -567.jpg'><img src='Anatomic Sciences -568.jpg'><img src='Anatomic Sciences -569.jpg'>
<img src='Anatomic Sciences -570.jpg'>,<img src='Anatomic Sciences -571.jpg'>
<img src='Anatomic Sciences -572.jpg'>,<img src='Anatomic Sciences -573.jpg'>
<img src='Anatomic Sciences -574.jpg'>,<img src='Anatomic Sciences -575.jpg'>
<img src='Anatomic Sciences -576.jpg'>,<img src='Anatomic Sciences -577.jpg'>
<img src='Anatomic Sciences -578.jpg'>,<img src='Anatomic Sciences -579.jpg'><img src='Anatomic Sciences -580.jpg'>
<img src='Anatomic Sciences -581.jpg'>,<img src='Anatomic Sciences -582.jpg'><img src='Anatomic Sciences -583.jpg'>
<img src='Anatomic Sciences -584.jpg'>,<img src='Anatomic Sciences -585.jpg'><img src='Anatomic Sciences -586.jpg'>
<img src='Anatomic Sciences -587.jpg'>,<img src='Anatomic Sciences -588.jpg'>
<img src='Anatomic Sciences -589.jpg'>,<img src='Anatomic Sciences -590.jpg'>
<img src='Anatomic Sciences -591.jpg'>,<img src='Anatomic Sciences -592.jpg'>
<img src='Anatomic Sciences -593.jpg'>,<img src='Anatomic Sciences -594.jpg'>
<img src='Anatomic Sciences -595.jpg'>,<img src='Anatomic Sciences -596.jpg'><img src='Anatomic Sciences -597.jpg'>
<img src='Anatomic Sciences -598.jpg'>,<img src='Anatomic Sciences -599.jpg'><img src='Anatomic Sciences -600.jpg'>
<img src='Anatomic Sciences -601.jpg'>,<img src='Anatomic Sciences -602.jpg'><img src='Anatomic Sciences -603.jpg'><img src='Anatomic Sciences -604.jpg'>
<img src='Anatomic Sciences -605.jpg'>,<img src='Anatomic Sciences -606.jpg'><img src='Anatomic Sciences -607.jpg'>
<img src='Anatomic Sciences -608.jpg'>,<img src='Anatomic Sciences -609.jpg'><img src='Anatomic Sciences -610.jpg'><img src='Anatomic Sciences -611.jpg'><img src='Anatomic Sciences -612.jpg'>
<img src='Anatomic Sciences -613.jpg'>,<img src='Anatomic Sciences -614.jpg'><img src='Anatomic Sciences -615.jpg'><img src='Anatomic Sciences -616.jpg'>
<img src='Anatomic Sciences -617.jpg'>,<img src='Anatomic Sciences -618.jpg'>
<img src='Anatomic Sciences -619.jpg'>,<img src='Anatomic Sciences -620.jpg'><img src='Anatomic Sciences -621.jpg'><img src='Anatomic Sciences -622.jpg'><img src='Anatomic Sciences -623.jpg'><img src='Anatomic Sciences -624.jpg'>
<img src='Anatomic Sciences -625.jpg'>,<img src='Anatomic Sciences -626.jpg'>
<img src='Anatomic Sciences -627.jpg'>,<img src='Anatomic Sciences -628.jpg'><img src='Anatomic Sciences -629.jpg'>
<img src='Anatomic Sciences -630.jpg'>,<img src='Anatomic Sciences -631.jpg'><img src='Anatomic Sciences -632.jpg'>
<img src='Anatomic Sciences -633.jpg'>,<img src='Anatomic Sciences -634.jpg'>
<img src='Anatomic Sciences -635.jpg'>,<img src='Anatomic Sciences -636.jpg'>
<img src='Anatomic Sciences -637.jpg'>,<img src='Anatomic Sciences -638.jpg'>
<img src='Anatomic Sciences -639.jpg'>,<img src='Anatomic Sciences -640.jpg'>
<img src='Anatomic Sciences -641.jpg'>,<img src='Anatomic Sciences -642.jpg'>
<img src='Anatomic Sciences -643.jpg'>,<img src='Anatomic Sciences -644.jpg'><img src='Anatomic Sciences -645.jpg'>
<img src='Anatomic Sciences -646.jpg'>,<img src='Anatomic Sciences -647.jpg'><img src='Anatomic Sciences -648.jpg'>
<img src='Anatomic Sciences -649.jpg'>,<img src='Anatomic Sciences -650.jpg'>
<img src='Anatomic Sciences -651.jpg'>,<img src='Anatomic Sciences -652.jpg'>
<img src='Anatomic Sciences -653.jpg'>,<img src='Anatomic Sciences -654.jpg'><img src='Anatomic Sciences -655.jpg'>
<img src='Anatomic Sciences -656.jpg'>,<img src='Anatomic Sciences -657.jpg'>
<img src='Anatomic Sciences -658.jpg'>,<img src='Anatomic Sciences -659.jpg'><img src='Anatomic Sciences -660.jpg'>
<img src='Anatomic Sciences -661.jpg'>,<img src='Anatomic Sciences -662.jpg'><img src='Anatomic Sciences -663.jpg'>
<img src='Anatomic Sciences -664.jpg'>,<img src='Anatomic Sciences -665.jpg'><img src='Anatomic Sciences -666.jpg'>
<img src='Anatomic Sciences -667.jpg'>,<img src='Anatomic Sciences -668.jpg'>
<img src='Anatomic Sciences -669.jpg'>,<img src='Anatomic Sciences -670.jpg'><img src='Anatomic Sciences -671.jpg'>
<img src='Anatomic Sciences -672.jpg'>,<img src='Anatomic Sciences -673.jpg'>
<img src='Anatomic Sciences -674.jpg'>,<img src='Anatomic Sciences -675.jpg'><img src='Anatomic Sciences -676.jpg'><img src='Anatomic Sciences -677.jpg'><img src='Anatomic Sciences -678.jpg'><img src='Anatomic Sciences -679.jpg'><img src='Anatomic Sciences -680.jpg'><img src='Anatomic Sciences -681.jpg'>
<img src='Anatomic Sciences -682.jpg'>,<img src='Anatomic Sciences -683.jpg'><img src='Anatomic Sciences -684.jpg'><img src='Anatomic Sciences -685.jpg'><img src='Anatomic Sciences -686.jpg'><img src='Anatomic Sciences -687.jpg'><img src='Anatomic Sciences -688.jpg'>
<img src='Anatomic Sciences -689.jpg'>,<img src='Anatomic Sciences -690.jpg'><img src='Anatomic Sciences -691.jpg'><img src='Anatomic Sciences -692.jpg'><img src='Anatomic Sciences -693.jpg'>
<img src='Anatomic Sciences -694.jpg'>,<img src='Anatomic Sciences -695.jpg'><img src='Anatomic Sciences -696.jpg'><img src='Anatomic Sciences -697.jpg'>
<img src='Anatomic Sciences -698.jpg'>,<img src='Anatomic Sciences -699.jpg'>
<img src='Anatomic Sciences -700.jpg'>,<img src='Anatomic Sciences -701.jpg'><img src='Anatomic Sciences -702.jpg'>
<img src='Anatomic Sciences -703.jpg'>,<img src='Anatomic Sciences -704.jpg'><img src='Anatomic Sciences -705.jpg'><img src='Anatomic Sciences -706.jpg'><img src='Anatomic Sciences -707.jpg'><img src='Anatomic Sciences -708.jpg'><img src='Anatomic Sciences -709.jpg'><img src='Anatomic Sciences -710.jpg'>
<img src='Anatomic Sciences -711.jpg'>,<img src='Anatomic Sciences -712.jpg'>
<img src='Anatomic Sciences -713.jpg'>,<img src='Anatomic Sciences -714.jpg'><img src='Anatomic Sciences -715.jpg'>
<img src='Anatomic Sciences -716.jpg'>,<img src='Anatomic Sciences -717.jpg'><img src='Anatomic Sciences -718.jpg'><img src='Anatomic Sciences -719.jpg'>
<img src='Anatomic Sciences -720.jpg'>,<img src='Anatomic Sciences -721.jpg'>
<img src='Anatomic Sciences -722.jpg'>,<img src='Anatomic Sciences -723.jpg'><img src='Anatomic Sciences -724.jpg'><img src='Anatomic Sciences -725.jpg'><img src='Anatomic Sciences -726.jpg'>
<img src='Anatomic Sciences -727.jpg'>,<img src='Anatomic Sciences -728.jpg'>
<img src='Anatomic Sciences -729.jpg'>,<img src='Anatomic Sciences -730.jpg'><img src='Anatomic Sciences -731.jpg'><img src='Anatomic Sciences -732.jpg'><img src='Anatomic Sciences -733.jpg'>
<img src='Anatomic Sciences -734.jpg'>,<img src='Anatomic Sciences -735.jpg'>
<img src='Anatomic Sciences -736.jpg'>,<img src='Anatomic Sciences -737.jpg'><img src='Anatomic Sciences -738.jpg'><img src='Anatomic Sciences -739.jpg'>
<img src='Anatomic Sciences -740.jpg'>,<img src='Anatomic Sciences -741.jpg'>
<img src='Anatomic Sciences -742.jpg'>,<img src='Anatomic Sciences -743.jpg'>
<img src='Anatomic Sciences -744.jpg'>,<img src='Anatomic Sciences -745.jpg'>
<img src='Anatomic Sciences -746.jpg'>,<img src='Anatomic Sciences -747.jpg'><img src='Anatomic Sciences -748.jpg'><img src='Anatomic Sciences -749.jpg'><img src='Anatomic Sciences -750.jpg'>
<img src='Anatomic Sciences -751.jpg'>,<img src='Anatomic Sciences -752.jpg'><img src='Anatomic Sciences -753.jpg'><img src='Anatomic Sciences -754.jpg'>
<img src='Anatomic Sciences -755.jpg'>,<img src='Anatomic Sciences -756.jpg'>
<img src='Anatomic Sciences -757.jpg'>,<img src='Anatomic Sciences -758.jpg'><img src='Anatomic Sciences -759.jpg'>
<img src='Anatomic Sciences -760.jpg'>,<img src='Anatomic Sciences -761.jpg'>
<img src='Anatomic Sciences -762.jpg'>,<img src='Anatomic Sciences -763.jpg'>
<img src='Anatomic Sciences -764.jpg'>,<img src='Anatomic Sciences -765.jpg'><img src='Anatomic Sciences -766.jpg'><img src='Anatomic Sciences -767.jpg'>
<img src='Anatomic Sciences -768.jpg'>,<img src='Anatomic Sciences -769.jpg'>
<img src='Anatomic Sciences -770.jpg'>,<img src='Anatomic Sciences -771.jpg'>
<img src='Anatomic Sciences -772.jpg'>,<img src='Anatomic Sciences -773.jpg'>
<img src='Anatomic Sciences -774.jpg'>,<img src='Anatomic Sciences -775.jpg'>
<img src='Anatomic Sciences -776.jpg'>,<img src='Anatomic Sciences -777.jpg'>
<img src='Anatomic Sciences -778.jpg'>,<img src='Anatomic Sciences -779.jpg'>
<img src='Anatomic Sciences -780.jpg'>,<img src='Anatomic Sciences -781.jpg'>
<img src='Anatomic Sciences -782.jpg'>,<img src='Anatomic Sciences -783.jpg'>
<img src='Anatomic Sciences -784.jpg'>,<img src='Anatomic Sciences -785.jpg'>
<img src='Anatomic Sciences -786.jpg'>,<img src='Anatomic Sciences -787.jpg'>
<img src='Anatomic Sciences -788.jpg'>,<img src='Anatomic Sciences -789.jpg'>
<img src='Anatomic Sciences -790.jpg'>,<img src='Anatomic Sciences -791.jpg'><img src='Anatomic Sciences -792.jpg'><img src='Anatomic Sciences -793.jpg'><img src='Anatomic Sciences -794.jpg'><img src='Anatomic Sciences -795.jpg'><img src='Anatomic Sciences -796.jpg'>
<img src='Anatomic Sciences -797.jpg'>,<img src='Anatomic Sciences -798.jpg'><img src='Anatomic Sciences -799.jpg'><img src='Anatomic Sciences -800.jpg'>
<img src='Anatomic Sciences -801.jpg'>,<img src='Anatomic Sciences -802.jpg'><img src='Anatomic Sciences -803.jpg'>
<img src='Anatomic Sciences -804.jpg'>,<img src='Anatomic Sciences -805.jpg'>
<img src='Anatomic Sciences -806.jpg'>,<img src='Anatomic Sciences -807.jpg'><img src='Anatomic Sciences -808.jpg'><img src='Anatomic Sciences -809.jpg'><img src='Anatomic Sciences -810.jpg'><img src='Anatomic Sciences -811.jpg'><img src='Anatomic Sciences -812.jpg'><img src='Anatomic Sciences -813.jpg'><img src='Anatomic Sciences -814.jpg'><img src='Anatomic Sciences -815.jpg'>
<img src='Anatomic Sciences -816.jpg'>,<img src='Anatomic Sciences -817.jpg'><img src='Anatomic Sciences -818.jpg'><img src='Anatomic Sciences -819.jpg'><img src='Anatomic Sciences -820.jpg'><img src='Anatomic Sciences -821.jpg'><img src='Anatomic Sciences -822.jpg'>
<img src='Anatomic Sciences -823.jpg'>,<img src='Anatomic Sciences -824.jpg'><img src='Anatomic Sciences -825.jpg'>
<img src='Anatomic Sciences -826.jpg'>,<img src='Anatomic Sciences -827.jpg'><img src='Anatomic Sciences -828.jpg'>
<img src='Anatomic Sciences -829.jpg'>,<img src='Anatomic Sciences -830.jpg'><img src='Anatomic Sciences -831.jpg'>
<img src='Anatomic Sciences -832.jpg'>,<img src='Anatomic Sciences -833.jpg'><img src='Anatomic Sciences -834.jpg'>
<img src='Anatomic Sciences -835.jpg'>,<img src='Anatomic Sciences -836.jpg'><img src='Anatomic Sciences -837.jpg'><img src='Anatomic Sciences -838.jpg'>
<img src='Anatomic Sciences -839.jpg'>,<img src='Anatomic Sciences -840.jpg'><img src='Anatomic Sciences -841.jpg'>
<img src='Anatomic Sciences -842.jpg'>,<img src='Anatomic Sciences -843.jpg'><img src='Anatomic Sciences -844.jpg'>
<img src='Anatomic Sciences -845.jpg'>,<img src='Anatomic Sciences -846.jpg'><img src='Anatomic Sciences -847.jpg'>
<img src='Anatomic Sciences -848.jpg'>,<img src='Anatomic Sciences -849.jpg'>
<img src='Anatomic Sciences -850.jpg'>,<img src='Anatomic Sciences -851.jpg'><img src='Anatomic Sciences -852.jpg'><img src='Anatomic Sciences -853.jpg'>
<img src='Anatomic Sciences -854.jpg'>,<img src='Anatomic Sciences -855.jpg'>
<img src='Anatomic Sciences -856.jpg'>,<img src='Anatomic Sciences -857.jpg'><img src='Anatomic Sciences -858.jpg'>
<img src='Anatomic Sciences -859.jpg'>,<img src='Anatomic Sciences -860.jpg'>
